{   
    "properties":{
        "qed": {
            "sample_points": [0.3, 0.5, 0.7],
            "num_samples": 10000,
            "temperature": 1.0,
            "means": [0.5559003125710424],
            "stds": [0.21339854620824716]
        }
    }        
}
