{   
    "properties":{
        "SAS+logp": {
            "sample_points": [[2.0, 2.0], [2.0, 4.0], [2.0, 6.0],
                              [3.0, 2.0], [3.0, 4.0], [3.0, 6.0],
                              [4.0, 2.0], [4.0, 4.0], [4.0, 6.0]],
            "num_samples": 10000,
            "temperature": 1.0,
            "means": [2.889429694406497, 3.497542110420217],
            "stds": [0.8081188219568571, 1.7923582437824368]
        }
    }        
}
