{   
    "properties":{
        "TPSA+SAS": {
            "sample_points": [[40.0, 2.0], [40.0, 3.0], [40.0, 4.0],
                              [80.0, 2.0], [80.0, 3.0], [80.0, 4.0],
                              [120.0, 2.0], [120.0, 3.0], [120.0, 4.0]],
            "num_samples": 10000,
            "temperature": 1.0,
            "means": [80.19717097706841, 2.889429694406497],
            "stds": [38.212259443049554, 0.8081188219568571]
        }
    }
}
