{   
    "properties":{
        "TPSA+logp": {
            "sample_points": [[40.0, 2.0], [40.0, 4.0], [40.0, 6.0],
                                [80.0, 2.0], [80.0, 4.0], [80.0, 6.0],
                                [120.0, 2.0], [120.0, 4.0], [120.0, 6.0]],
            "num_samples": 10000,
            "temperature": 1.0,
            "means": [80.19717097706841, 3.497542110420217],
            "stds": [38.212259443049554, 1.7923582437824368]
        }
    }        
}
