{   
    "properties":{
        "TPSA+logp+SAS": {
            "sample_points": [[40.0, 2.0, 2.0], [40.0, 2.0, 4.0], 
                              [40.0, 6.0, 4.0], [40.0, 6.0, 2.0], 
                              [80.0, 6.0, 4.0], [80.0, 2.0, 4.0], 
                              [80.0, 2.0, 2.0], [80.0, 6.0, 2.0]],
            "num_samples": 10000,
            "temperature": 1.0,
            "means": [80.19717097706841, 3.497542110420217, 2.889429694406497],
            "stds": [38.212259443049554, 1.7923582437824368, 0.8081188219568571]
        }
    }        
}
