{   
    "scaffold_list": ["O=C(Cc1ccccc1)NCc1ccccc1", "c1cnc2[nH]ccc2c1", "c1ccc(-c2ccnnc2)cc1", 
                       "c1ccc(-n2cnc3ccccc32)cc1", "O=C(c1cc[nH]c1)N1CCN(c2ccccc2)CC1"],
    "properties": {
        "SAS+logp": {
            "sample_points": [[2.0, 1.0], [2.0, 3.0],
                              [3.5, 1.0], [3.5, 3.0]],
            "num_samples": 10000,
            "temperature": 1.0,
            "means": [2.448411317890052, 2.4405089787567418],
            "stds": [0.4602113679393573, 0.928754787930224]
        }
    }
}